{
  "version": "v2",
  "trained_at": "2026-04-22T05:17:19.842014+00:00",
  "features_used": [
    "Close"
  ],
  "mape": 14.4323,
  "n_samples": 496,
  "forecast_ratios": {
    "1d": 0.999852,
    "7d": 1.001667,
    "30d": 0.963496
  },
  "last_close": 306.5
}