{
  "version": "v3",
  "trained_at": "2026-04-22T05:29:12.634673+00:00",
  "features_used": [
    "Close"
  ],
  "mape": 9.0506,
  "n_samples": 496,
  "forecast_ratios": {
    "1d": 0.937211,
    "7d": 0.936976,
    "30d": 0.892566
  },
  "last_close": 2370.0
}