{
  "version": "v2",
  "trained_at": "2026-04-22T05:24:12.433551+00:00",
  "features_used": [
    "Close"
  ],
  "mape": 12.0245,
  "n_samples": 501,
  "forecast_ratios": {
    "1d": 0.970405,
    "7d": 1.004693,
    "30d": 1.09465
  },
  "last_close": 249.91000366210938
}