{
  "version": "v2",
  "trained_at": "2026-04-18T16:45:36.060400+00:00",
  "features_used": [
    "Close"
  ],
  "mape": 13.5777,
  "n_samples": 495,
  "forecast_ratios": {
    "1d": 0.98123,
    "7d": 0.989375,
    "30d": 0.5
  },
  "last_close": 1346.800048828125
}