{
  "version": "v3",
  "trained_at": "2026-04-22T05:29:09.089367+00:00",
  "features_used": [
    "Close"
  ],
  "mape": 17.9563,
  "n_samples": 496,
  "forecast_ratios": {
    "1d": 0.986136,
    "7d": 0.995749,
    "30d": 0.961662
  },
  "last_close": 1370.5
}