{
  "version": "v1",
  "trained_at": "2026-04-22T12:51:10.849347+00:00",
  "features_used": [
    "Close"
  ],
  "mape": 1.4867,
  "n_samples": 501,
  "forecast_ratios": {
    "1d": 1.009628,
    "7d": 0.998368,
    "30d": 0.959807
  },
  "last_close": 74.69999694824219
}