{
  "version": "v4",
  "trained_at": "2026-04-22T05:22:28.597502+00:00",
  "features_used": [
    "Close"
  ],
  "mape": 3.5769,
  "n_samples": 501,
  "forecast_ratios": {
    "1d": 1.021562,
    "7d": 1.063308,
    "30d": 1.170279
  },
  "last_close": 266.1700134277344
}