{
  "version": "v2",
  "trained_at": "2026-04-18T16:48:00.130361+00:00",
  "features_used": [
    "Close"
  ],
  "mape": 4.0295,
  "n_samples": 495,
  "forecast_ratios": {
    "1d": 0.986118,
    "7d": 0.99982,
    "30d": 0.5
  },
  "last_close": 1846.9000244140625
}