{
  "version": "v3",
  "trained_at": "2026-04-22T05:30:39.735926+00:00",
  "features_used": [
    "Close"
  ],
  "mape": 5.6117,
  "n_samples": 496,
  "forecast_ratios": {
    "1d": 1.008834,
    "7d": 0.998985,
    "30d": 0.934319
  },
  "last_close": 1841.5999755859375
}