{
  "version": "v2",
  "trained_at": "2026-04-22T05:17:27.829857+00:00",
  "features_used": [
    "Close"
  ],
  "mape": 25.325,
  "n_samples": 496,
  "forecast_ratios": {
    "1d": 1.005438,
    "7d": 1.017588,
    "30d": 1.011437
  },
  "last_close": 1378.5
}