{
  "version": "v2",
  "trained_at": "2026-04-22T05:24:28.325629+00:00",
  "features_used": [
    "Close"
  ],
  "mape": 3.892,
  "n_samples": 501,
  "forecast_ratios": {
    "1d": 1.019572,
    "7d": 1.071281,
    "30d": 1.35832
  },
  "last_close": 199.8800048828125
}