{
  "version": "v1",
  "trained_at": "2026-04-22T05:30:59.057855+00:00",
  "features_used": [
    "Close"
  ],
  "mape": 17.7675,
  "n_samples": 496,
  "forecast_ratios": {
    "1d": 0.975488,
    "7d": 0.967149,
    "30d": 1.004357
  },
  "last_close": 2228.800048828125
}