{
  "version": "v4",
  "trained_at": "2026-04-22T05:27:58.520963+00:00",
  "features_used": [
    "Close"
  ],
  "mape": 2.8845,
  "n_samples": 496,
  "forecast_ratios": {
    "1d": 0.996367,
    "7d": 1.027927,
    "30d": 1.093366
  },
  "last_close": 2562.60009765625
}