{
  "version": "v2",
  "trained_at": "2026-04-22T05:17:46.404971+00:00",
  "features_used": [
    "Close"
  ],
  "mape": 7.5412,
  "n_samples": 496,
  "forecast_ratios": {
    "1d": 0.985918,
    "7d": 1.005092,
    "30d": 1.019121
  },
  "last_close": 2549.5
}