{
  "version": "v1",
  "trained_at": "2026-04-09T13:15:44.829347+00:00",
  "features_used": [
    "Close"
  ],
  "mape": 5.7371,
  "n_samples": 501,
  "forecast_ratios": {
    "1d": 0.980703,
    "7d": 0.968157,
    "30d": 0.934348
  },
  "last_close": 479.75
}