{
  "version": "v2",
  "trained_at": "2026-04-22T05:26:06.723503+00:00",
  "features_used": [
    "Close"
  ],
  "mape": 4.9352,
  "n_samples": 501,
  "forecast_ratios": {
    "1d": 1.001888,
    "7d": 0.996885,
    "30d": 0.958875
  },
  "last_close": 468.5
}