{
  "version": "v2",
  "trained_at": "2026-04-22T05:17:17.977992+00:00",
  "features_used": [
    "Close"
  ],
  "mape": 15.7982,
  "n_samples": 496,
  "forecast_ratios": {
    "1d": 1.001886,
    "7d": 1.007417,
    "30d": 1.0561
  },
  "last_close": 4048.0
}