{
  "version": "v1",
  "trained_at": "2026-04-09T13:10:08.428806+00:00",
  "features_used": [
    "Close"
  ],
  "mape": 3.82,
  "n_samples": 495,
  "forecast_ratios": {
    "1d": 0.936615,
    "7d": 0.933998,
    "30d": 1.007201
  },
  "last_close": 13589.0
}