{
  "version": "v2",
  "trained_at": "2026-04-22T05:17:50.113253+00:00",
  "features_used": [
    "Close"
  ],
  "mape": 5.1718,
  "n_samples": 496,
  "forecast_ratios": {
    "1d": 0.99999,
    "7d": 1.01242,
    "30d": 1.015681
  },
  "last_close": 13359.0
}