{
  "version": "v2",
  "trained_at": "2026-04-22T05:26:01.092043+00:00",
  "features_used": [
    "Close"
  ],
  "mape": 10.488,
  "n_samples": 501,
  "forecast_ratios": {
    "1d": 1.021864,
    "7d": 1.095421,
    "30d": 1.387189
  },
  "last_close": 386.4200134277344
}