{
  "version": "v1",
  "trained_at": "2026-04-22T05:32:57.943791+00:00",
  "features_used": [
    "Close"
  ],
  "mape": 17.5318,
  "n_samples": 496,
  "forecast_ratios": {
    "1d": 0.954254,
    "7d": 0.956976,
    "30d": 1.038662
  },
  "last_close": 212.8800048828125
}