{
  "version": "v1",
  "trained_at": "2026-04-22T12:51:16.740347+00:00",
  "features_used": [
    "Close"
  ],
  "mape": 10.6112,
  "n_samples": 501,
  "forecast_ratios": {
    "1d": 0.989078,
    "7d": 0.977599,
    "30d": 1.010157
  },
  "last_close": 154.9199981689453
}