{
  "version": "v3",
  "trained_at": "2026-04-22T05:29:20.714299+00:00",
  "features_used": [
    "Close"
  ],
  "mape": 11.0509,
  "n_samples": 496,
  "forecast_ratios": {
    "1d": 0.965893,
    "7d": 0.95301,
    "30d": 0.911638
  },
  "last_close": 933.25
}