{
  "version": "v2",
  "trained_at": "2026-04-22T05:17:16.982140+00:00",
  "features_used": [
    "Close"
  ],
  "mape": 13.1384,
  "n_samples": 496,
  "forecast_ratios": {
    "1d": 0.970598,
    "7d": 0.945207,
    "30d": 0.831692
  },
  "last_close": 380.54998779296875
}