{
  "version": "v1",
  "trained_at": "2026-04-09T13:12:54.066066+00:00",
  "features_used": [
    "Close"
  ],
  "mape": 4.8007,
  "n_samples": 495,
  "forecast_ratios": {
    "1d": 0.987016,
    "7d": 0.993565,
    "30d": 1.052723
  },
  "last_close": 1228.699951171875
}