{
  "version": "v2",
  "trained_at": "2026-04-22T05:22:17.082027+00:00",
  "features_used": [
    "Close"
  ],
  "mape": 8.8849,
  "n_samples": 496,
  "forecast_ratios": {
    "1d": 0.934383,
    "7d": 0.947289,
    "30d": 0.951356
  },
  "last_close": 1417.699951171875
}