{
  "version": "v2",
  "trained_at": "2026-04-22T05:24:00.509740+00:00",
  "features_used": [
    "Close"
  ],
  "mape": 3.3256,
  "n_samples": 501,
  "forecast_ratios": {
    "1d": 0.961314,
    "7d": 0.996852,
    "30d": 1.120341
  },
  "last_close": 424.1600036621094
}