{
  "version": "v1",
  "trained_at": "2026-04-09T13:11:09.894075+00:00",
  "features_used": [
    "Close"
  ],
  "mape": 5.5819,
  "n_samples": 495,
  "forecast_ratios": {
    "1d": 0.983928,
    "7d": 1.015719,
    "30d": 1.14126
  },
  "last_close": 4439.7998046875
}