{
  "version": "v2",
  "trained_at": "2026-04-22T05:18:43.447778+00:00",
  "features_used": [
    "Close"
  ],
  "mape": 8.242,
  "n_samples": 496,
  "forecast_ratios": {
    "1d": 1.0279,
    "7d": 1.034876,
    "30d": 1.101639
  },
  "last_close": 4467.39990234375
}