{
  "version": "v4",
  "trained_at": "2026-04-22T05:27:57.225964+00:00",
  "features_used": [
    "Close"
  ],
  "mape": 4.0198,
  "n_samples": 496,
  "forecast_ratios": {
    "1d": 1.027203,
    "7d": 1.061127,
    "30d": 1.086228
  },
  "last_close": 1362.300048828125
}