{
  "version": "v2",
  "trained_at": "2026-04-22T05:22:09.473273+00:00",
  "features_used": [
    "Close"
  ],
  "mape": 20.9957,
  "n_samples": 496,
  "forecast_ratios": {
    "1d": 0.968982,
    "7d": 0.956341,
    "30d": 0.880292
  },
  "last_close": 12094.0
}