{
  "version": "v3",
  "trained_at": "2026-04-22T05:28:05.110898+00:00",
  "features_used": [
    "Close"
  ],
  "mape": 13.4367,
  "n_samples": 496,
  "forecast_ratios": {
    "1d": 1.057766,
    "7d": 1.109719,
    "30d": 1.298669
  },
  "last_close": 1265.4000244140625
}