{
  "version": "v1",
  "trained_at": "2026-04-22T12:49:44.255844+00:00",
  "features_used": [
    "Close"
  ],
  "mape": 13.0805,
  "n_samples": 501,
  "forecast_ratios": {
    "1d": 1.040151,
    "7d": 1.094702,
    "30d": 1.251445
  },
  "last_close": 402.1700134277344
}