{
  "version": "v3",
  "trained_at": "2026-04-22T05:28:01.025752+00:00",
  "features_used": [
    "Close"
  ],
  "mape": 17.103,
  "n_samples": 496,
  "forecast_ratios": {
    "1d": 0.989732,
    "7d": 0.976513,
    "30d": 0.891707
  },
  "last_close": 806.7000122070312
}