{
  "version": "v1",
  "trained_at": "2026-04-22T05:33:37.329633+00:00",
  "features_used": [
    "Close"
  ],
  "mape": 12.9587,
  "n_samples": 496,
  "forecast_ratios": {
    "1d": 0.982958,
    "7d": 0.982465,
    "30d": 0.920631
  },
  "last_close": 2805.699951171875
}