{
  "version": "v1",
  "trained_at": "2026-04-22T12:49:54.353997+00:00",
  "features_used": [
    "Close"
  ],
  "mape": 2.3385,
  "n_samples": 501,
  "forecast_ratios": {
    "1d": 0.978709,
    "7d": 1.003864,
    "30d": 1.079882
  },
  "last_close": 185.97999572753906
}