{
  "version": "v2",
  "trained_at": "2026-04-22T05:24:06.928936+00:00",
  "features_used": [
    "Close"
  ],
  "mape": 3.1466,
  "n_samples": 501,
  "forecast_ratios": {
    "1d": 1.031056,
    "7d": 1.051874,
    "30d": 1.203884
  },
  "last_close": 332.2900085449219
}