{
  "version": "v1",
  "trained_at": "2026-04-09T13:13:42.076894+00:00",
  "features_used": [
    "Close"
  ],
  "mape": 5.0371,
  "n_samples": 501,
  "forecast_ratios": {
    "1d": 0.930408,
    "7d": 0.959692,
    "30d": 1.048809
  },
  "last_close": 317.32000732421875
}