{
  "version": "v2",
  "trained_at": "2026-04-18T16:47:26.512529+00:00",
  "features_used": [
    "Close"
  ],
  "mape": 22.0632,
  "n_samples": 495,
  "forecast_ratios": {
    "1d": 1.015576,
    "7d": 0.984955,
    "30d": 0.5
  },
  "last_close": 1080.25
}