{
  "version": "v3",
  "trained_at": "2026-04-22T05:29:16.967509+00:00",
  "features_used": [
    "Close"
  ],
  "mape": 19.0299,
  "n_samples": 496,
  "forecast_ratios": {
    "1d": 0.982845,
    "7d": 0.991342,
    "30d": 0.9852
  },
  "last_close": 1110.050048828125
}