{
  "version": "v1",
  "trained_at": "2026-04-22T05:33:01.773640+00:00",
  "features_used": [
    "Close"
  ],
  "mape": 9.0372,
  "n_samples": 496,
  "forecast_ratios": {
    "1d": 1.003884,
    "7d": 1.001737,
    "30d": 1.027419
  },
  "last_close": 445.29998779296875
}