{
  "version": "v1",
  "trained_at": "2026-04-09T13:14:46.530127+00:00",
  "features_used": [
    "Close"
  ],
  "mape": 14.5261,
  "n_samples": 501,
  "forecast_ratios": {
    "1d": 0.890166,
    "7d": 0.879872,
    "30d": 0.972367
  },
  "last_close": 612.4199829101562
}