{
  "version": "v2",
  "trained_at": "2026-04-22T05:25:54.506799+00:00",
  "features_used": [
    "Close"
  ],
  "mape": 6.4101,
  "n_samples": 501,
  "forecast_ratios": {
    "1d": 0.97849,
    "7d": 1.011809,
    "30d": 1.168501
  },
  "last_close": 668.8400268554688
}