{
  "version": "v1",
  "trained_at": "2026-04-09T13:10:49.041523+00:00",
  "features_used": [
    "Close"
  ],
  "mape": 4.3673,
  "n_samples": 495,
  "forecast_ratios": {
    "1d": 0.986069,
    "7d": 0.983901,
    "30d": 1.002376
  },
  "last_close": 1717.0999755859375
}