{
  "version": "v2",
  "trained_at": "2026-04-22T05:18:18.351534+00:00",
  "features_used": [
    "Close"
  ],
  "mape": 13.2658,
  "n_samples": 496,
  "forecast_ratios": {
    "1d": 1.011828,
    "7d": 1.008208,
    "30d": 0.878226
  },
  "last_close": 1653.4000244140625
}