{
  "version": "v1",
  "trained_at": "2026-04-09T13:12:19.060407+00:00",
  "features_used": [
    "Close"
  ],
  "mape": 12.1209,
  "n_samples": 495,
  "forecast_ratios": {
    "1d": 0.934524,
    "7d": 0.932291,
    "30d": 0.989634
  },
  "last_close": 202.8699951171875
}