{
  "version": "v2",
  "trained_at": "2026-04-22T05:22:02.497137+00:00",
  "features_used": [
    "Close"
  ],
  "mape": 15.0138,
  "n_samples": 496,
  "forecast_ratios": {
    "1d": 0.914899,
    "7d": 0.907886,
    "30d": 0.896371
  },
  "last_close": 203.80999755859375
}