{
  "version": "v1",
  "trained_at": "2026-04-22T12:48:17.367063+00:00",
  "features_used": [
    "Close"
  ],
  "mape": 7.0503,
  "n_samples": 501,
  "forecast_ratios": {
    "1d": 1.013485,
    "7d": 1.028073,
    "30d": 1.036072
  },
  "last_close": 129.60000610351562
}