{
  "version": "v1",
  "trained_at": "2026-04-22T12:49:42.657255+00:00",
  "features_used": [
    "Close"
  ],
  "mape": 8.2675,
  "n_samples": 501,
  "forecast_ratios": {
    "1d": 0.992224,
    "7d": 0.976736,
    "30d": 0.973549
  },
  "last_close": 142.32000732421875
}