{
  "version": "v1",
  "trained_at": "2026-04-22T05:33:24.649725+00:00",
  "features_used": [
    "Close"
  ],
  "mape": 5.5639,
  "n_samples": 496,
  "forecast_ratios": {
    "1d": 0.99501,
    "7d": 1.007959,
    "30d": 1.128941
  },
  "last_close": 1029.800048828125
}