{
  "version": "v1",
  "trained_at": "2026-04-22T05:31:02.339820+00:00",
  "features_used": [
    "Close"
  ],
  "mape": 16.7626,
  "n_samples": 496,
  "forecast_ratios": {
    "1d": 0.953315,
    "7d": 0.941638,
    "30d": 0.925919
  },
  "last_close": 1269.800048828125
}