{
  "version": "v1",
  "trained_at": "2026-04-22T12:49:48.279944+00:00",
  "features_used": [
    "Close"
  ],
  "mape": 17.3176,
  "n_samples": 501,
  "forecast_ratios": {
    "1d": 0.895263,
    "7d": 0.926507,
    "30d": 1.089524
  },
  "last_close": 181.1699981689453
}